{
  "id": "4566984",
  "name": "icon1",
  "font_family": "iconfont",
  "css_prefix_text": "icon-",
  "description": "",
  "glyphs": [
    {
      "icon_id": "1824529",
      "name": "像素",
      "font_class": "xiangsu",
      "unicode": "e649",
      "unicode_decimal": 58953
    },
    {
      "icon_id": "8494136",
      "name": "像素",
      "font_class": "xiangsu1",
      "unicode": "e671",
      "unicode_decimal": 58993
    },
    {
      "icon_id": "3402870",
      "name": "像素箭头",
      "font_class": "xiangsujiantou1",
      "unicode": "e600",
      "unicode_decimal": 58880
    },
    {
      "icon_id": "19114816",
      "name": "41-像素",
      "font_class": "41-pixels",
      "unicode": "e68b",
      "unicode_decimal": 59019
    },
    {
      "icon_id": "24470274",
      "name": "像素_奖杯",
      "font_class": "xiangsu_jiangbei",
      "unicode": "ed24",
      "unicode_decimal": 60708
    },
    {
      "icon_id": "24470280",
      "name": "像素_猫",
      "font_class": "xiangsu_mao",
      "unicode": "ed2a",
      "unicode_decimal": 60714
    },
    {
      "icon_id": "24754598",
      "name": "lamb-home",
      "font_class": "home",
      "unicode": "e601",
      "unicode_decimal": 58881
    },
    {
      "icon_id": "24754605",
      "name": "lamb-search",
      "font_class": "search",
      "unicode": "e602",
      "unicode_decimal": 58882
    },
    {
      "icon_id": "24754610",
      "name": "lamb-up",
      "font_class": "up",
      "unicode": "e603",
      "unicode_decimal": 58883
    },
    {
      "icon_id": "24754614",
      "name": "lamb-warn",
      "font_class": "warn",
      "unicode": "e604",
      "unicode_decimal": 58884
    },
    {
      "icon_id": "24754617",
      "name": "lamb-message",
      "font_class": "message",
      "unicode": "e605",
      "unicode_decimal": 58885
    },
    {
      "icon_id": "24754618",
      "name": "lamb-tag",
      "font_class": "tag",
      "unicode": "e606",
      "unicode_decimal": 58886
    },
    {
      "icon_id": "24754619",
      "name": "lamb-user",
      "font_class": "user",
      "unicode": "e607",
      "unicode_decimal": 58887
    },
    {
      "icon_id": "24754627",
      "name": "奖杯",
      "font_class": "jiangbei",
      "unicode": "e608",
      "unicode_decimal": 58888
    },
    {
      "icon_id": "27641194",
      "name": "像素-删除-01",
      "font_class": "xiangsu-shanchu-01",
      "unicode": "e609",
      "unicode_decimal": 58889
    },
    {
      "icon_id": "32521459",
      "name": "像素风_勋章",
      "font_class": "xiangsufeng_xunzhang",
      "unicode": "e7d5",
      "unicode_decimal": 59349
    },
    {
      "icon_id": "40534403",
      "name": "像素箭头-copy",
      "font_class": "xiangsujiantou1-copy",
      "unicode": "ed2b",
      "unicode_decimal": 60715
    },
    {
      "icon_id": "40534405",
      "name": "lamb-search-copy",
      "font_class": "search-copy",
      "unicode": "ed2c",
      "unicode_decimal": 60716
    },
    {
      "icon_id": "40576554",
      "name": "像素箭头-copy-copy",
      "font_class": "xiangsujiantou1-copy-copy",
      "unicode": "ed2d",
      "unicode_decimal": 60717
    }
  ]
}
